date,buy_volume,final_volume
16/01/2011,0,7295
17/01/2011,5000,8541
18/01/2011,0,5185
19/01/2011,5000,7146
20/01/2011,5000,8677
21/01/2011,5000,9910
22/01/2011,5000,10784
23/01/2011,0,8094
24/01/2011,5000,9553
25/01/2011,5000,11213
26/01/2011,0,7858
27/01/2011,5000,9529
28/01/2011,5000,9950
29/01/2011,5000,10940
30/01/2011,0,7832
31/01/2011,5000,9745
01/02/2011,5000,11006
02/02/2011,0,7120
03/02/2011,5000,8623
04/02/2011,5000,9460
05/02/2011,5000,10832
06/02/2011,0,7838
07/02/2011,5000,9231
08/02/2011,5000,10769
09/02/2011,0,6663
10/02/2011,5000,7830
11/02/2011,5000,9343
12/02/2011,5000,9797
13/02/2011,0,7014
14/02/2011,5000,8625
15/02/2011,5000,9683
16/02/2011,5000,10999
17/02/2011,0,7301
18/02/2011,5000,8100
19/02/2011,5000,9009
20/02/2011,0,6168
21/02/2011,5000,6820
22/02/2011,5000,7976
23/02/2011,5000,9280
24/02/2011,5000,10546
25/02/2011,0,6228
26/02/2011,5000,6948
27/02/2011,0,3902
28/02/2011,5000,4052
01/03/2011,10000,9892
02/03/2011,5000,10619
03/03/2011,0,6577
04/03/2011,5000,6185
05/03/2011,5000,6505
06/03/2011,0,3341
07/03/2011,5000,5339
08/03/2011,0,2993
09/03/2011,5000,4438
10/03/2011,5000,5422
11/03/2011,10000,11147
12/03/2011,0,6600
13/03/2011,0,3672
14/03/2011,5000,4459
15/03/2011,10000,10452
16/03/2011,5000,10691
17/03/2011,0,6446
18/03/2011,5000,6957
19/03/2011,5000,6383
20/03/2011,0,2785
21/03/2011,5000,3103
22/03/2011,5000,4190
23/03/2011,10000,9799
24/03/2011,0,4916
25/03/2011,5000,4749
26/03/2011,5000,4508
27/03/2011,0,1077
28/03/2011,10000,8967
29/03/2011,5000,9093
30/03/2011,5000,9504
31/03/2011,0,5056
01/04/2011,5000,3698
02/04/2011,10000,8410
03/04/2011,0,4754
04/04/2011,5000,4457
05/04/2011,5000,4776
06/04/2011,5000,4589
07/04/2011,10000,10219
08/04/2011,5000,9984
09/04/2011,5000,9961
10/04/2011,0,6663
11/04/2011,5000,6976
12/04/2011,5000,7676
13/04/2011,5000,8468
14/04/2011,5000,9087
15/04/2011,5000,9403
16/04/2011,5000,9527
17/04/2011,0,6320
18/04/2011,10000,10822
19/04/2011,5000,11586
20/04/2011,5000,11732
21/04/2011,5000,12349
22/04/2011,0,9507
23/04/2011,5000,11029
24/04/2011,0,8804
25/04/2011,5000,10286
26/04/2011,5000,11627
27/04/2011,5000,12961
28/04/2011,0,9249
29/04/2011,5000,9588
30/04/2011,0,4775
01/05/2011,0,2040
02/05/2011,10000,8135
03/05/2011,5000,8901
04/05/2011,5000,9369
05/05/2011,5000,10839
06/05/2011,5000,11390
07/05/2011,5000,11712
08/05/2011,0,7815
09/05/2011,5000,8611
10/05/2011,5000,9539
11/05/2011,5000,10167
12/05/2011,5000,10703
13/05/2011,0,6661
14/05/2011,5000,7444
15/05/2011,0,4343
16/05/2011,5000,5421
17/05/2011,10000,11237
18/05/2011,0,7206
19/05/2011,5000,8450
20/05/2011,5000,8867
21/05/2011,5000,9193
22/05/2011,0,6214
23/05/2011,5000,7073
24/05/2011,5000,7499
25/05/2011,5000,8458
26/05/2011,5000,9206
27/05/2011,5000,9811
28/05/2011,5000,9900
29/05/2011,0,6838
30/05/2011,5000,7314
31/05/2011,5000,8272
01/06/2011,5000,9018
02/06/2011,5000,9823
03/06/2011,5000,9572
04/06/2011,5000,9460
05/06/2011,0,6329
06/06/2011,5000,7542
07/06/2011,5000,8602
08/06/2011,5000,8990
09/06/2011,5000,10175
10/06/2011,5000,10973
11/06/2011,0,5975
12/06/2011,0,2894
13/06/2011,5000,4110
14/06/2011,10000,10768
15/06/2011,5000,11788
16/06/2011,0,7932
17/06/2011,5000,8419
18/06/2011,5000,8643
19/06/2011,0,5595
20/06/2011,5000,7159
21/06/2011,5000,7734
22/06/2011,5000,7803
23/06/2011,0,4007
24/06/2011,5000,5203
25/06/2011,10000,11484
26/06/2011,0,8958
27/06/2011,5000,10161
28/06/2011,5000,11280
29/06/2011,0,7243
30/06/2011,5000,8303
01/07/2011,5000,8512
02/07/2011,5000,8708
03/07/2011,0,5712
04/07/2011,5000,6815
05/07/2011,5000,7563
06/07/2011,5000,8343
07/07/2011,5000,9399
08/07/2011,5000,9265
09/07/2011,5000,9887
10/07/2011,0,6666
11/07/2011,5000,7672
12/07/2011,5000,8723
13/07/2011,5000,10112
14/07/2011,5000,11411
15/07/2011,0,7059
16/07/2011,5000,7399
17/07/2011,0,4087
18/07/2011,5000,5377
19/07/2011,10000,11506
20/07/2011,0,7470
21/07/2011,5000,8306
22/07/2011,0,3874
23/07/2011,10000,9315
24/07/2011,0,6675
25/07/2011,5000,8501
26/07/2011,5000,9469
27/07/2011,5000,10574
28/07/2011,5000,11654
29/07/2011,0,7139
30/07/2011,5000,7722
31/07/2011,0,4376
01/08/2011,5000,5202
02/08/2011,5000,6008
03/08/2011,5000,6843
04/08/2011,5000,7645
05/08/2011,5000,7812
06/08/2011,5000,8102
07/08/2011,0,4490
08/08/2011,5000,5432
09/08/2011,5000,6299
10/08/2011,5000,7427
11/08/2011,5000,8312
12/08/2011,5000,8801
13/08/2011,5000,8847
14/08/2011,0,5713
15/08/2011,5000,6905
16/08/2011,5000,7330
17/08/2011,5000,8283
18/08/2011,5000,9311
19/08/2011,5000,9601
20/08/2011,5000,10343
21/08/2011,0,7814
22/08/2011,5000,8330
23/08/2011,5000,9585
24/08/2011,5000,10437
25/08/2011,5000,10950
26/08/2011,0,6372
27/08/2011,5000,6888
28/08/2011,0,3583
29/08/2011,5000,4679
30/08/2011,10000,10967
31/08/2011,5000,12350
01/09/2011,0,7301
02/09/2011,5000,7237
03/09/2011,5000,7139
04/09/2011,0,3605
05/09/2011,5000,4102
06/09/2011,10000,9450
07/09/2011,0,5421
08/09/2011,5000,5607
09/09/2011,5000,5929
10/09/2011,10000,11309
11/09/2011,0,8186
12/09/2011,5000,9130
13/09/2011,5000,9700
14/09/2011,5000,11239
15/09/2011,5000,11886
16/09/2011,0,6586
17/09/2011,5000,6508
18/09/2011,0,3012
19/09/2011,5000,3703
20/09/2011,10000,9736
21/09/2011,5000,10781
22/09/2011,5000,11480
23/09/2011,0,6336
24/09/2011,5000,6620
25/09/2011,0,3721
26/09/2011,5000,4012
27/09/2011,10000,9845
28/09/2011,5000,10758
29/09/2011,5000,11328
30/09/2011,0,6158
01/10/2011,5000,5764
02/10/2011,0,2388
03/10/2011,5000,3409
04/10/2011,10000,9263
05/10/2011,5000,9756
06/10/2011,5000,10423
07/10/2011,5000,10227
08/10/2011,5000,9768
09/10/2011,0,7146
10/10/2011,5000,7651
11/10/2011,5000,8277
12/10/2011,0,5142
13/10/2011,5000,6230
14/10/2011,10000,11602
15/10/2011,5000,12526
16/10/2011,0,9854
17/10/2011,5000,10188
18/10/2011,5000,11265
19/10/2011,0,7048
20/10/2011,5000,7968
21/10/2011,5000,7682
22/10/2011,5000,7728
23/10/2011,0,4595
24/10/2011,5000,4879
25/10/2011,5000,5835
26/10/2011,5000,7149
27/10/2011,5000,7585
28/10/2011,0,2985
29/10/2011,10000,7815
30/10/2011,0,4981
31/10/2011,10000,10334
01/11/2011,5000,10309
02/11/2011,0,6706
03/11/2011,5000,7231
04/11/2011,5000,7646
05/11/2011,5000,8022
06/11/2011,0,4863
07/11/2011,5000,5515
08/11/2011,5000,6731
09/11/2011,5000,7705
10/11/2011,5000,8201
11/11/2011,5000,8042
12/11/2011,5000,7803
13/11/2011,0,4732
14/11/2011,10000,10871
15/11/2011,0,8241
16/11/2011,5000,8794
17/11/2011,5000,9181
18/11/2011,5000,9239
19/11/2011,5000,8728
20/11/2011,0,5619
21/11/2011,5000,6525
22/11/2011,5000,7584
23/11/2011,5000,8119
24/11/2011,5000,8501
25/11/2011,5000,8232
26/11/2011,5000,8108
27/11/2011,0,5306
28/11/2011,5000,6452
29/11/2011,5000,7274
30/11/2011,5000,7132
01/12/2011,5000,7357
02/12/2011,5000,7321
03/12/2011,5000,7132
04/12/2011,0,3630
05/12/2011,10000,8511
06/12/2011,5000,8419
07/12/2011,5000,9160
08/12/2011,5000,9611
09/12/2011,5000,9378
10/12/2011,5000,8987
11/12/2011,0,5470
12/12/2011,5000,5781
13/12/2011,5000,6415
14/12/2011,5000,7625
15/12/2011,5000,8175
16/12/2011,5000,7255
17/12/2011,5000,6008
18/12/2011,0,2419
19/12/2011,5000,2058
20/12/2011,10000,7229
21/12/2011,5000,6872
22/12/2011,5000,6495
23/12/2011,5000,6038
24/12/2011,10000,10167
25/12/2011,0,7309
26/12/2011,5000,7935
27/12/2011,5000,9220
28/12/2011,5000,10074
29/12/2011,5000,10628
30/12/2011,5000,10599
31/12/2011,5000,11245
01/01/2012,0,9625
02/01/2012,5000,11239
03/01/2012,5000,12059
04/01/2012,0,8143
05/01/2012,5000,8783
06/01/2012,5000,8946
07/01/2012,5000,9406
08/01/2012,0,6405
09/01/2012,5000,7594
10/01/2012,5000,8903
11/01/2012,5000,9364
12/01/2012,5000,10370
13/01/2012,5000,10724
14/01/2012,5000,10827
15/01/2012,0,8493
16/01/2012,5000,9394
17/01/2012,5000,10310
18/01/2012,5000,11136
19/01/2012,0,6911
20/01/2012,5000,6917
21/01/2012,5000,7312
22/01/2012,0,4207
23/01/2012,5000,5315
24/01/2012,10000,10801
25/01/2012,0,7435
26/01/2012,5000,8060
27/01/2012,5000,9142
28/01/2012,5000,9558
29/01/2012,0,6348
30/01/2012,5000,7490
31/01/2012,5000,7890
01/02/2012,5000,8359
02/02/2012,5000,8674
03/02/2012,0,3621
04/02/2012,10000,9027
05/02/2012,0,6090
06/02/2012,5000,6225
07/02/2012,0,1545
08/02/2012,10000,8672
09/02/2012,5000,9611
10/02/2012,5000,9432
11/02/2012,5000,9935
12/02/2012,0,6517
13/02/2012,5000,6985
14/02/2012,5000,7680
15/02/2012,5000,8856
16/02/2012,5000,9453
17/02/2012,5000,8151
18/02/2012,5000,7396
19/02/2012,0,4346
20/02/2012,5000,6156
21/02/2012,0,3760
22/02/2012,5000,4434
23/02/2012,10000,10280
24/02/2012,5000,10837
25/02/2012,5000,11224
26/02/2012,0,8228
27/02/2012,5000,8995
28/02/2012,5000,9752
29/02/2012,5000,10389
01/03/2012,5000,10817
02/03/2012,5000,10753
03/03/2012,5000,10424
04/03/2012,0,6979
05/03/2012,5000,6788
06/03/2012,5000,198
07/03/2012,15000,3748
08/03/2012,10000,7056
09/03/2012,5000,7817
10/03/2012,5000,8211
11/03/2012,0,5249
12/03/2012,10000,11159
13/03/2012,5000,11937
14/03/2012,0,7442
15/03/2012,5000,8079
16/03/2012,5000,7155
17/03/2012,5000,6911
18/03/2012,0,4056
19/03/2012,5000,5018
20/03/2012,5000,5810
21/03/2012,5000,6026
22/03/2012,5000,6558
23/03/2012,5000,6411
24/03/2012,5000,6548
25/03/2012,0,3293
26/03/2012,10000,8721
27/03/2012,5000,8991
28/03/2012,5000,9113
29/03/2012,5000,9972
30/03/2012,5000,10315
31/03/2012,5000,9410
01/04/2012,0,6296
02/04/2012,5000,6775
03/04/2012,5000,7550
04/04/2012,5000,7608
05/04/2012,5000,6040
06/04/2012,0,1593
07/04/2012,10000,8042
08/04/2012,0,5078
09/04/2012,5000,5259
10/04/2012,5000,5258
11/04/2012,5000,5508
12/04/2012,5000,6271
13/04/2012,10000,11087
14/04/2012,0,6511
15/04/2012,0,3192
16/04/2012,10000,8522
17/04/2012,5000,8995
18/04/2012,5000,9826
19/04/2012,5000,10729
20/04/2012,5000,9415
21/04/2012,5000,10238
22/04/2012,0,7420
23/04/2012,5000,7495
24/04/2012,5000,7998
25/04/2012,5000,8508
26/04/2012,5000,9317
27/04/2012,5000,9122
28/04/2012,5000,8806
29/04/2012,0,6253
30/04/2012,5000,7653
01/05/2012,0,4359
02/05/2012,10000,9064
03/05/2012,5000,9979
04/05/2012,5000,10188
05/05/2012,5000,10713
06/05/2012,0,7639
07/05/2012,5000,7554
08/05/2012,5000,7935
09/05/2012,5000,8066
10/05/2012,5000,8541
11/05/2012,5000,8240
12/05/2012,5000,8717
13/05/2012,0,5607
14/05/2012,5000,5871
15/05/2012,5000,6963
16/05/2012,5000,6875
17/05/2012,5000,7783
18/05/2012,5000,7180
19/05/2012,5000,7453
20/05/2012,0,4643
21/05/2012,5000,5125
22/05/2012,5000,5670
23/05/2012,5000,5804
24/05/2012,5000,5994
25/05/2012,5000,5319
26/05/2012,5000,5327
27/05/2012,0,2213
28/05/2012,10000,7534
29/05/2012,5000,8034
30/05/2012,5000,8788
31/05/2012,5000,9634
01/06/2012,5000,8906
02/06/2012,5000,8800
03/06/2012,0,5702
04/06/2012,5000,6205
05/06/2012,5000,6942
06/06/2012,10000,11580
07/06/2012,0,8619
08/06/2012,5000,9130
09/06/2012,5000,9171
10/06/2012,0,6643
11/06/2012,5000,6863
12/06/2012,5000,7452
13/06/2012,5000,8252
14/06/2012,5000,8699
15/06/2012,5000,8817
16/06/2012,5000,8717
17/06/2012,0,5721
18/06/2012,5000,6199
19/06/2012,5000,7252
20/06/2012,5000,7651
21/06/2012,5000,8088
22/06/2012,5000,8209
23/06/2012,5000,7838
24/06/2012,0,4537
25/06/2012,5000,5115
26/06/2012,5000,5527
27/06/2012,5000,6300
28/06/2012,5000,6886
29/06/2012,5000,7663
30/06/2012,5000,7648
01/07/2012,0,4327
02/07/2012,10000,9624
03/07/2012,5000,10753
04/07/2012,5000,11452
05/07/2012,0,7450
06/07/2012,5000,7416
07/07/2012,5000,7803
08/07/2012,0,5160
09/07/2012,5000,6675
10/07/2012,5000,6772
11/07/2012,5000,7412
12/07/2012,5000,8522
13/07/2012,5000,10380
14/07/2012,5000,10961
15/07/2012,0,8553
16/07/2012,5000,9642
17/07/2012,5000,9703
18/07/2012,0,5401
19/07/2012,10000,10424
20/07/2012,0,5701
21/07/2012,5000,5883
22/07/2012,0,2437
23/07/2012,5000,2882
24/07/2012,10000,8332
25/07/2012,5000,9081
26/07/2012,5000,9243
27/07/2012,5000,9636
28/07/2012,5000,9559
29/07/2012,0,6468
30/07/2012,5000,6917
31/07/2012,5000,7351
01/08/2012,5000,7861
02/08/2012,5000,8059
03/08/2012,5000,7823
04/08/2012,5000,7651
05/08/2012,0,4738
06/08/2012,5000,5048
07/08/2012,5000,5534
08/08/2012,5000,6360
09/08/2012,5000,7513
10/08/2012,5000,6907
11/08/2012,5000,6809
12/08/2012,0,3204
13/08/2012,5000,3579
14/08/2012,10000,9077
15/08/2012,5000,9805
16/08/2012,5000,9978
17/08/2012,5000,9918
18/08/2012,5000,9585
19/08/2012,0,6438
20/08/2012,5000,6717
21/08/2012,5000,7340
22/08/2012,5000,7945
23/08/2012,5000,8763
24/08/2012,5000,9186
25/08/2012,5000,8709
26/08/2012,0,5546
27/08/2012,5000,5972
28/08/2012,5000,6187
29/08/2012,10000,12328
30/08/2012,0,7651
31/08/2012,5000,7745
01/09/2012,5000,7139
02/09/2012,0,3579
03/09/2012,5000,3852
04/09/2012,10000,9613
05/09/2012,5000,10233
06/09/2012,5000,9360
07/09/2012,0,4758
08/09/2012,10000,10673
09/09/2012,0,7234
10/09/2012,5000,7140
11/09/2012,5000,8292
12/09/2012,5000,9268
13/09/2012,5000,9300
14/09/2012,5000,9024
15/09/2012,5000,8735
16/09/2012,0,5127
17/09/2012,10000,11285
18/09/2012,5000,11652
19/09/2012,5000,12495
20/09/2012,5000,13169
21/09/2012,0,7993
22/09/2012,5000,7751
23/09/2012,0,4548
24/09/2012,5000,4764
25/09/2012,5000,5544
26/09/2012,10000,11504
27/09/2012,0,6234
28/09/2012,5000,5925
29/09/2012,5000,6283
30/09/2012,0,2811
01/10/2012,10000,7820
02/10/2012,5000,8186
03/10/2012,5000,8349
04/10/2012,5000,8160
05/10/2012,5000,8590
06/10/2012,5000,8143
07/10/2012,0,4720
08/10/2012,5000,5002
09/10/2012,10000,10735
10/10/2012,5000,11403
11/10/2012,5000,11139
12/10/2012,0,7089
13/10/2012,5000,7626
14/10/2012,0,4804
15/10/2012,5000,4994
16/10/2012,10000,10058
17/10/2012,5000,10514
18/10/2012,5000,10829
19/10/2012,5000,11170
20/10/2012,5000,10264
21/10/2012,0,7019
22/10/2012,5000,7525
23/10/2012,5000,8242
24/10/2012,5000,9185
25/10/2012,5000,9780
26/10/2012,5000,9578
27/10/2012,5000,9285
28/10/2012,0,6132
29/10/2012,5000,3106
30/10/2012,5000,3404
31/10/2012,10000,8487
01/11/2012,5000,7927
02/11/2012,0,3419
03/11/2012,10000,9153
04/11/2012,0,5659
05/11/2012,5000,5641
06/11/2012,10000,11247
07/11/2012,5000,11271
08/11/2012,0,6347
09/11/2012,5000,6305
10/11/2012,5000,6397
11/11/2012,0,3171
12/11/2012,10000,8373
13/11/2012,5000,9208
14/11/2012,5000,9107
15/11/2012,0,5249
16/11/2012,5000,5262
17/11/2012,5000,5676
18/11/2012,0,2615
19/11/2012,10000,9039
20/11/2012,0,5684
21/11/2012,5000,5601
22/11/2012,5000,5613
23/11/2012,5000,5312
24/11/2012,5000,5297
25/11/2012,0,2334
26/11/2012,10000,8620
27/11/2012,5000,8692
28/11/2012,5000,9552
29/11/2012,5000,9737
30/11/2012,5000,9556
01/12/2012,5000,9667
02/12/2012,0,5635
03/12/2012,5000,5529
04/12/2012,5000,5764
05/12/2012,5000,5928
06/12/2012,5000,6239
07/12/2012,5000,6020
08/12/2012,10000,10875
09/12/2012,0,7921
10/12/2012,5000,8031
11/12/2012,5000,8182
12/12/2012,5000,9114
13/12/2012,5000,9637
14/12/2012,5000,9282
15/12/2012,5000,9418
16/12/2012,0,5733
17/12/2012,5000,5716
18/12/2012,5000,6145
19/12/2012,5000,6089
20/12/2012,5000,6477
21/12/2012,5000,5582
22/12/2012,10000,9634
23/12/2012,0,5704
24/12/2012,5000,6023
25/12/2012,0,3354
26/12/2012,10000,8872
27/12/2012,5000,9653
28/12/2012,5000,9679
29/12/2012,5000,10482
30/12/2012,0,7561
31/12/2012,10000,13612
01/01/2013,0,11561
02/01/2013,5000,12649
03/01/2013,0,8728
04/01/2013,5000,8981
05/01/2013,5000,10092
06/01/2013,0,7349
07/01/2013,5000,7895
08/01/2013,5000,8895
09/01/2013,5000,9978
10/01/2013,5000,11372
11/01/2013,5000,11605
12/01/2013,0,7433
13/01/2013,0,4218
14/01/2013,5000,4892
15/01/2013,10000,10859
16/01/2013,0,6224
17/01/2013,5000,6150
18/01/2013,5000,6452
19/01/2013,5000,6606
20/01/2013,0,3454
21/01/2013,5000,4227
22/01/2013,5000,4675
23/01/2013,10000,10050
24/01/2013,5000,10088
25/01/2013,0,5039
26/01/2013,5000,5581
27/01/2013,0,3035
28/01/2013,5000,3365
29/01/2013,5000,4332
30/01/2013,10000,10058
31/01/2013,5000,11073
01/02/2013,5000,10574
02/02/2013,0,5793
03/02/2013,0,2663
04/02/2013,10000,8944
05/02/2013,5000,9318
06/02/2013,0,4900
07/02/2013,10000,10465
08/02/2013,5000,10377
09/02/2013,0,4789
10/02/2013,0,2265
11/02/2013,10000,9101
12/02/2013,0,6469
13/02/2013,5000,7261
14/02/2013,5000,8359
15/02/2013,5000,8504
16/02/2013,5000,9075
17/02/2013,0,5847
18/02/2013,5000,6345
19/02/2013,5000,6831
20/02/2013,5000,7059
21/02/2013,5000,7823
22/02/2013,5000,7252
23/02/2013,5000,7895
24/02/2013,0,4503
25/02/2013,5000,4595
26/02/2013,10000,10249
27/02/2013,5000,11137
28/02/2013,0,6293
01/03/2013,5000,5486
02/03/2013,5000,5060
03/03/2013,0,1818
04/03/2013,10000,7913
05/03/2013,5000,8413
06/03/2013,5000,8620
07/03/2013,5000,9216
08/03/2013,5000,8598
09/03/2013,6000,9156
10/03/2013,0,5581
11/03/2013,10000,11228
12/03/2013,5000,11312
13/03/2013,3000,9288
14/03/2013,6000,10882
15/03/2013,7000,12881
16/03/2013,3000,10843
17/03/2013,0,7760
18/03/2013,5000,7849
19/03/2013,6000,9271
20/03/2013,6000,10745
21/03/2013,0,5953
22/03/2013,10000,10633
23/03/2013,4000,9144
24/03/2013,0,5886
25/03/2013,6000,6911
26/03/2013,5000,7399
27/03/2013,5000,7573
28/03/2013,10000,11372
29/03/2013,0,6760
30/03/2013,8000,10586
31/03/2013,0,7325
01/04/2013,10000,12601
02/04/2013,0,8335
03/04/2013,5000,8841
04/04/2013,6000,10368
05/04/2013,6000,10408
06/04/2013,3000,8472
07/04/2013,0,5075
08/04/2013,10000,10358
09/04/2013,4000,9592
10/04/2013,6000,11125
11/04/2013,3000,9728
12/04/2013,4000,8305
13/04/2013,5000,8701
14/04/2013,0,5801
15/04/2013,6000,6935
16/04/2013,5000,7568
17/04/2013,7000,9985
18/04/2013,6000,12210
19/04/2013,5000,11627
20/04/2013,4000,10806
21/04/2013,0,7285
22/04/2013,10000,12809
23/04/2013,0,7783
24/04/2013,6000,9336
25/04/2013,4000,8793
26/04/2013,5000,9017
27/04/2013,7000,11375
28/04/2013,0,7989
29/04/2013,10000,13785
30/04/2013,0,8751
01/05/2013,0,4938
02/05/2013,6000,6297
03/05/2013,10000,10358
04/05/2013,4000,10305
05/05/2013,0,7176
06/05/2013,5000,7838
07/05/2013,7000,9873
08/05/2013,5000,9999
09/05/2013,6000,11567
10/05/2013,5000,11287
11/05/2013,5000,10249
12/05/2013,0,6384
13/05/2013,5000,6559
14/05/2013,5000,7577
15/05/2013,6000,9213
16/05/2013,6000,10639
17/05/2013,5000,10230
18/05/2013,6000,10885
19/05/2013,0,7912
20/05/2013,5000,8352
21/05/2013,7000,10455
22/05/2013,5000,10951
23/05/2013,6000,13115
24/05/2013,3000,10805
25/05/2013,6000,12057
26/05/2013,0,8873
27/05/2013,7000,11478
28/05/2013,5000,11737
29/05/2013,5000,12026
30/05/2013,0,8474
31/05/2013,5000,9177
01/06/2013,5000,9049
02/06/2013,0,6512
03/06/2013,5000,6645
04/06/2013,7000,9151
05/06/2013,5000,9686
06/06/2013,5000,9791
07/06/2013,5000,9953
08/06/2013,5000,9879
09/06/2013,0,6125
10/06/2013,7000,7882
11/06/2013,5000,8708
12/06/2013,7000,10300
13/06/2013,5000,11411
14/06/2013,6000,12063
15/06/2013,5000,12385
16/06/2013,0,8850
17/06/2013,5000,9101
18/06/2013,7000,11574
19/06/2013,4000,10782
20/06/2013,5000,10855
21/06/2013,4000,9973
22/06/2013,5000,9486
23/06/2013,0,6208
24/06/2013,7000,9012
25/06/2013,5000,9548
26/06/2013,5000,10850
27/06/2013,5000,11295
28/06/2013,5000,11287
29/06/2013,4000,10691
30/06/2013,0,7951
01/07/2013,5000,7901
02/07/2013,5000,8568
03/07/2013,5000,7966
04/07/2013,7000,11601
05/07/2013,4000,10132
06/07/2013,5000,9672
07/07/2013,0,6101
08/07/2013,7000,9042
09/07/2013,0,5685
10/07/2013,7000,8322
11/07/2013,5000,9263
12/07/2013,8000,11825
13/07/2013,5000,12025
14/07/2013,0,8635
15/07/2013,6000,10522
16/07/2013,5000,11736
17/07/2013,5000,12027
18/07/2013,3000,10105
19/07/2013,5000,10170
20/07/2013,5000,9826
21/07/2013,0,6569
22/07/2013,5000,7128
23/07/2013,7000,10477
24/07/2013,5000,11113
25/07/2013,5000,11352
26/07/2013,4000,9661
27/07/2013,5000,9980
28/07/2013,0,5898
29/07/2013,6000,7343
30/07/2013,7000,10312
31/07/2013,5000,10285
01/08/2013,5000,10724
02/08/2013,5000,9989
03/08/2013,5000,9995
04/08/2013,0,6805
05/08/2013,7000,9010
06/08/2013,5000,9725
07/08/2013,5000,9943
08/08/2013,4000,9289
09/08/2013,6000,10244
10/08/2013,5000,10374
11/08/2013,0,6895
12/08/2013,5000,7183
13/08/2013,7000,9915
14/08/2013,5000,10941
15/08/2013,5000,11099
16/08/2013,4000,8608
17/08/2013,5000,8789
18/08/2013,0,5871
19/08/2013,5000,6191
20/08/2013,9000,10905
21/08/2013,5000,11438
22/08/2013,3000,9286
23/08/2013,5000,8993
24/08/2013,5000,9385
25/08/2013,0,5945
26/08/2013,10000,11705
27/08/2013,4000,11401
28/08/2013,5000,11878
29/08/2013,5000,12412
30/08/2013,3000,10395
31/08/2013,5000,10274
01/09/2013,0,6918
02/09/2013,5000,7415
03/09/2013,5000,8233
04/09/2013,4000,7192
05/09/2013,6000,8357
06/09/2013,5000,8062
07/09/2013,6000,9310
08/09/2013,0,6321
09/09/2013,5000,6931
10/09/2013,7000,9717
11/09/2013,5000,9796
12/09/2013,3000,8128
13/09/2013,5000,8152
14/09/2013,6000,9151
15/09/2013,0,5861
16/09/2013,5000,6012
17/09/2013,10000,11701
18/09/2013,5000,12474
19/09/2013,3000,10724
20/09/2013,5000,10934
21/09/2013,5000,10872
22/09/2013,0,7585
23/09/2013,6000,9467
24/09/2013,6000,11358
25/09/2013,5000,11472
26/09/2013,4000,10319
27/09/2013,5000,10411
28/09/2013,5000,10186
29/09/2013,0,7039
30/09/2013,5000,7383
01/10/2013,7000,9070
02/10/2013,5000,8842
03/10/2013,5000,8832
04/10/2013,5000,8677
05/10/2013,5000,8548
06/10/2013,0,5158
07/10/2013,5000,5798
08/10/2013,7000,7655
09/10/2013,5000,8107
10/10/2013,5000,8864
11/10/2013,5000,8160
12/10/2013,7000,10964
13/10/2013,0,7234
14/10/2013,5000,8157
15/10/2013,5000,8885
16/10/2013,5000,9584
17/10/2013,4000,9315
18/10/2013,5000,9042
19/10/2013,5000,9483
20/10/2013,0,5890
21/10/2013,5000,6493
22/10/2013,5000,8110
23/10/2013,0,3421
24/10/2013,11000,9679
25/10/2013,5000,9380
26/10/2013,5000,9406
27/10/2013,0,6258
28/10/2013,5000,7284
29/10/2013,5000,7965
30/10/2013,5000,8675
31/10/2013,3000,6981
01/11/2013,5000,6359
02/11/2013,9000,11034
03/11/2013,0,7519
04/11/2013,5000,7926
05/11/2013,5000,8068
06/11/2013,5000,8504
07/11/2013,5000,8104
08/11/2013,6000,8417
09/11/2013,5000,8491
10/11/2013,0,4854
11/11/2013,5000,5218
12/11/2013,10000,10617
13/11/2013,5000,11397
14/11/2013,5000,10241
15/11/2013,0,6018
16/11/2013,10000,11861
17/11/2013,0,9130
18/11/2013,5000,10160
19/11/2013,5000,11052
20/11/2013,0,6945
21/11/2013,10000,12097
22/11/2013,0,7189
23/11/2013,8000,10778
24/11/2013,0,7255
25/11/2013,5000,7431
26/11/2013,5000,8306
27/11/2013,5000,8446
28/11/2013,6000,9888
29/11/2013,5000,9890
30/11/2013,5000,9790
01/12/2013,0,6318
02/12/2013,10000,11545
03/12/2013,0,7152
04/12/2013,10000,12680
05/12/2013,3000,10727
06/12/2013,5000,10467
07/12/2013,5000,9918
08/12/2013,0,6315
09/12/2013,5000,6981
10/12/2013,10000,12790
11/12/2013,5000,13404
12/12/2013,0,8459
13/12/2013,5000,8023
14/12/2013,5000,8519
15/12/2013,0,4957
16/12/2013,10000,10441
17/12/2013,5000,11159
18/12/2013,5000,11840
19/12/2013,3000,9697
20/12/2013,5000,9080
21/12/2013,5000,8409
22/12/2013,0,4859
23/12/2013,10000,10098
24/12/2013,5000,9940
25/12/2013,0,7498
26/12/2013,5000,8997
27/12/2013,6000,10697
28/12/2013,5000,11433
29/12/2013,0,8604
30/12/2013,5000,10251
31/12/2013,6000,11934
01/01/2014,0,9743
02/01/2014,5000,11636
03/01/2014,5000,12512
04/01/2014,3000,12343
05/01/2014,0,9662
06/01/2014,5000,10724
07/01/2014,5000,12527
08/01/2014,3000,11423
09/01/2014,4000,11196
10/01/2014,5000,11409
11/01/2014,3000,10027
12/01/2014,0,7007
13/01/2014,5000,8120
14/01/2014,5000,8842
15/01/2014,5000,10008
16/01/2014,5000,10898
17/01/2014,5000,11219
18/01/2014,5000,11601
19/01/2014,0,8217
20/01/2014,5000,8747
21/01/2014,3000,7827
22/01/2014,5000,8650
23/01/2014,5000,9436
24/01/2014,5000,8457
25/01/2014,5000,8567
26/01/2014,0,5415
27/01/2014,5000,5661
28/01/2014,6000,8436
29/01/2014,5000,9295
30/01/2014,3000,7527
31/01/2014,5000,7189
01/02/2014,7000,9460
02/02/2014,0,5928
03/02/2014,5000,6698
04/02/2014,5000,7671
05/02/2014,5000,8477
06/02/2014,8000,12049
07/02/2014,3000,9700
08/02/2014,5000,10076
09/02/2014,0,7051
10/02/2014,5000,7121
11/02/2014,8000,10728
12/02/2014,5000,11498
13/02/2014,3000,10670
14/02/2014,5000,10559
15/02/2014,5000,11237
16/02/2014,0,7764
17/02/2014,5000,7888
18/02/2014,5000,8446
19/02/2014,5000,9297
20/02/2014,5000,9840
21/02/2014,5000,9592
22/02/2014,5000,9937
23/02/2014,0,7028
24/02/2014,8000,10951
25/02/2014,5000,12168
26/02/2014,3000,10464
27/02/2014,5000,11645
28/02/2014,3000,8136
01/03/2014,5000,7357
02/03/2014,0,4123
03/03/2014,10000,10765
04/03/2014,0,8429
05/03/2014,8000,12498
06/03/2014,5000,12875
07/03/2014,3000,11236
08/03/2014,5000,11878
09/03/2014,0,8476
10/03/2014,5000,8715
11/03/2014,5000,9187
12/03/2014,5000,9731
13/03/2014,5000,10769
14/03/2014,4000,9047
15/03/2014,5000,9070
16/03/2014,0,5431
17/03/2014,5000,5809
18/03/2014,6000,7572
19/03/2014,5000,8210
20/03/2014,5000,8321
21/03/2014,7000,10770
22/03/2014,5000,10974
23/03/2014,0,7170
24/03/2014,5000,7655
25/03/2014,8000,11613
26/03/2014,4000,10002
27/03/2014,5000,11563
28/03/2014,3000,10070
29/03/2014,5000,10699
30/03/2014,0,7199
31/03/2014,5000,7815
01/04/2014,6000,8294
02/04/2014,5000,9292
03/04/2014,5000,9286
04/04/2014,4000,7401
05/04/2014,5000,7317
06/04/2014,0,4126
07/04/2014,8000,7912
08/04/2014,5000,8766
09/04/2014,5000,9299
10/04/2014,5000,10079
11/04/2014,5000,10392
12/04/2014,5000,10629
13/04/2014,0,7501
14/04/2014,5000,7499
15/04/2014,5000,8856
16/04/2014,5000,9170
17/04/2014,5000,7801
18/04/2014,0,3958
19/04/2014,10000,9700
20/04/2014,0,7037
21/04/2014,5000,9373
22/04/2014,5000,9545
23/04/2014,5000,10752
24/04/2014,5000,11420
25/04/2014,5000,11414
26/04/2014,3000,9580
27/04/2014,0,6419
28/04/2014,5000,7145
29/04/2014,6000,8801
30/04/2014,5000,9114
01/05/2014,0,5169
02/05/2014,9000,9411
03/05/2014,5000,10318
04/05/2014,0,6797
05/05/2014,5000,7323
06/05/2014,7000,9901
07/05/2014,5000,10537
08/05/2014,5000,11320
09/05/2014,4000,10668
10/05/2014,5000,10032
11/05/2014,0,6289
12/05/2014,5000,6813
13/05/2014,5000,7278
14/05/2014,7000,10335
15/05/2014,5000,11371
16/05/2014,5000,11209
17/05/2014,5000,11505
18/05/2014,0,8593
19/05/2014,5000,9232
20/05/2014,5000,10274
21/05/2014,5000,10721
22/05/2014,5000,11409
23/05/2014,5000,11508
24/05/2014,5000,11750
25/05/2014,0,8784
26/05/2014,4000,7721
27/05/2014,5000,8822
28/05/2014,5000,9542
29/05/2014,5000,10522
30/05/2014,5000,10281
31/05/2014,5000,10285
01/06/2014,0,6553
02/06/2014,5000,7404
03/06/2014,5000,8556
04/06/2014,5000,8705
05/06/2014,5000,8800
06/06/2014,5000,8787
07/06/2014,6000,9909
08/06/2014,0,6174
09/06/2014,0,1891
10/06/2014,10000,7767
11/06/2014,7000,10480
12/06/2014,3000,9526
13/06/2014,5000,10127
14/06/2014,5000,11379
15/06/2014,0,8134
16/06/2014,5000,8700
17/06/2014,0,4387
18/06/2014,10000,10520
19/06/2014,0,7076
20/06/2014,8000,10867
21/06/2014,5000,12021
22/06/2014,0,8747
23/06/2014,4000,8882
24/06/2014,5000,9380
25/06/2014,5000,10759
26/06/2014,3000,9905
27/06/2014,5000,9951
28/06/2014,5000,10847
29/06/2014,0,7738
30/06/2014,5000,8916
01/07/2014,4000,8727
02/07/2014,5000,10273
03/07/2014,5000,11005
04/07/2014,5000,11557
05/07/2014,5000,11865
06/07/2014,0,8561
07/07/2014,5000,9430
08/07/2014,5000,11219
09/07/2014,0,8219
10/07/2014,5000,8858
11/07/2014,5000,9076
12/07/2014,5000,10323
13/07/2014,0,7251
14/07/2014,5000,7716
15/07/2014,5000,8669
16/07/2014,5000,9576
17/07/2014,5000,10458
18/07/2014,5000,10268
19/07/2014,4000,9728
20/07/2014,0,6416
21/07/2014,5000,7325
22/07/2014,8000,11841
23/07/2014,3000,11017
24/07/2014,5000,12424
25/07/2014,4000,11451
26/07/2014,5000,12020
27/07/2014,0,9611
28/07/2014,5000,10508
29/07/2014,5000,11656
30/07/2014,5000,12835
31/07/2014,3000,11486
01/08/2014,5000,11604
02/08/2014,5000,11502
03/08/2014,0,8451
04/08/2014,5000,8617
05/08/2014,4000,8826
06/08/2014,4000,8769
07/08/2014,5000,9286
08/08/2014,5000,9584
09/08/2014,5000,9594
10/08/2014,0,6011
11/08/2014,5000,6678
12/08/2014,5000,7620
13/08/2014,5000,8031
14/08/2014,4000,7781
15/08/2014,5000,7918
16/08/2014,6000,9435
17/08/2014,0,6144
18/08/2014,5000,6472
19/08/2014,5000,7263
20/08/2014,6000,9498
21/08/2014,5000,10168
22/08/2014,4000,8220
23/08/2014,5000,8929
24/08/2014,0,5655
25/08/2014,5000,6135
26/08/2014,5000,7196
27/08/2014,5000,8509
28/08/2014,5000,9177
29/08/2014,5000,9725
30/08/2014,5000,9557
31/08/2014,0,6058
01/09/2014,6000,7397
02/09/2014,5000,8054
03/09/2014,5000,8858
04/09/2014,5000,10014
05/09/2014,4000,9146
06/09/2014,5000,9375
07/09/2014,0,5708
08/09/2014,8000,9684
09/09/2014,5000,10290
10/09/2014,5000,11280
11/09/2014,5000,12053
12/09/2014,3000,10157
13/09/2014,5000,10558
14/09/2014,0,6818
15/09/2014,5000,7634
16/09/2014,5000,8654
17/09/2014,4000,8654
18/09/2014,6000,10448
19/09/2014,5000,11159
20/09/2014,5000,11836
21/09/2014,0,8978
22/09/2014,5000,9758
23/09/2014,4000,9245
24/09/2014,5000,10387
25/09/2014,4000,10381
26/09/2014,5000,10877
27/09/2014,5000,11675
28/09/2014,0,8477
29/09/2014,5000,9309
30/09/2014,4000,9015
01/10/2014,5000,9209
02/10/2014,5000,10053
03/10/2014,5000,10581
04/10/2014,5000,11018
05/10/2014,0,7571
06/10/2014,5000,8127
07/10/2014,5000,8955
08/10/2014,4000,8946
09/10/2014,4000,8073
10/10/2014,5000,7631
11/10/2014,5000,7761
12/10/2014,0,4282
13/10/2014,8000,8349
14/10/2014,5000,9159
15/10/2014,5000,10038
16/10/2014,5000,10685
17/10/2014,5000,10880
18/10/2014,5000,10944
19/10/2014,0,7980
20/10/2014,4000,7435
21/10/2014,5000,8318
22/10/2014,5000,8879
23/10/2014,5000,9766
24/10/2014,5000,10070
25/10/2014,5000,10646
26/10/2014,0,7169
27/10/2014,5000,7541
28/10/2014,5000,8849
29/10/2014,8000,12718
30/10/2014,3000,10689
31/10/2014,5000,10547
01/11/2014,5000,10311
02/11/2014,0,6876
03/11/2014,5000,7100
04/11/2014,5000,7739
05/11/2014,5000,8112
06/11/2014,5000,8630
07/11/2014,5000,7931
08/11/2014,5000,7916
09/11/2014,0,4615
10/11/2014,10000,10097
11/11/2014,5000,11351
12/11/2014,5000,12363
13/11/2014,4000,11521
14/11/2014,5000,10767
15/11/2014,5000,10968
16/11/2014,0,7146
17/11/2014,5000,7431
18/11/2014,5000,8597
19/11/2014,5000,9272
20/11/2014,5000,10349
21/11/2014,5000,10140
22/11/2014,4000,10177
23/11/2014,0,7004
24/11/2014,10000,12409
25/11/2014,0,8714
26/11/2014,5000,9510
27/11/2014,5000,10347
28/11/2014,4000,9117
29/11/2014,5000,9192
30/11/2014,0,5757
01/12/2014,5000,6061
02/12/2014,5000,6442
03/12/2014,10000,11987
04/12/2014,3000,10437
05/12/2014,4000,10076
06/12/2014,5000,9795
07/12/2014,0,5785
08/12/2014,5000,6702
09/12/2014,10000,12529
10/12/2014,3000,11542
11/12/2014,5000,11892
12/12/2014,3000,10107
13/12/2014,5000,10350
14/12/2014,0,6658
15/12/2014,5000,7396
16/12/2014,5000,7722
17/12/2014,5000,8436
18/12/2014,5000,8445
19/12/2014,5000,8504
20/12/2014,5000,8100
21/12/2014,0,4487
22/12/2014,10000,10001
23/12/2014,5000,10250
24/12/2014,5000,9600
25/12/2014,0,7115
26/12/2014,5000,8975
27/12/2014,5000,9761
28/12/2014,0,6597
29/12/2014,8000,10661
30/12/2014,5000,10829
31/12/2014,5000,12049
01/01/2015,0,9825
02/01/2015,5000,11802
03/01/2015,5000,13648
04/01/2015,0,11579
05/01/2015,5000,12238
06/01/2015,3000,10811
07/01/2015,5000,11985
08/01/2015,3000,11264
09/01/2015,5000,10964
10/01/2015,5000,11778
11/01/2015,0,8642
12/01/2015,5000,9659
13/01/2015,4000,10138
14/01/2015,5000,11652
15/01/2015,3000,10908
16/01/2015,5000,11078
17/01/2015,3000,9694
18/01/2015,0,6530
19/01/2015,10000,12454
20/01/2015,3000,11212
21/01/2015,5000,12186
22/01/2015,3000,10549
23/01/2015,5000,10694
24/01/2015,5000,10765
25/01/2015,0,7631
26/01/2015,5000,8849
27/01/2015,5000,9478
28/01/2015,5000,10703
29/01/2015,5000,11149
30/01/2015,5000,10908
31/01/2015,5000,11513
01/02/2015,0,8387
02/02/2015,5000,9541
03/02/2015,5000,10538
04/02/2015,5000,11906
05/02/2015,3000,11219
06/02/2015,5000,12045
07/02/2015,5000,12280
08/02/2015,0,8788
09/02/2015,5000,9809
10/02/2015,5000,10908
11/02/2015,5000,11865
12/02/2015,5000,12146
13/02/2015,3000,10379
14/02/2015,0,5221
15/02/2015,5000,7169
16/02/2015,5000,8913
17/02/2015,0,6038
18/02/2015,5000,7565
19/02/2015,5000,8929
20/02/2015,8000,12602
21/02/2015,3000,11575
22/02/2015,0,8693
23/02/2015,5000,10262
24/02/2015,5000,11656
25/02/2015,5000,13148
26/02/2015,3000,12056
27/02/2015,0,7759
28/02/2015,8000,11481
01/03/2015,0,8655
02/03/2015,5000,9781
03/03/2015,5000,10888
04/03/2015,5000,12344
05/03/2015,3000,11511
06/03/2015,5000,12068
07/03/2015,3000,10491
08/03/2015,0,7098
09/03/2015,5000,8672
10/03/2015,5000,9577
11/03/2015,5000,11460
12/03/2015,5000,12779
13/03/2015,0,8388
14/03/2015,5000,9103
15/03/2015,0,5998
16/03/2015,10000,12358
17/03/2015,0,8634
18/03/2015,5000,10325
19/03/2015,5000,11591
20/03/2015,0,7284
21/03/2015,5000,7662
22/03/2015,0,4949
23/03/2015,5000,5705
24/03/2015,5000,6914
25/03/2015,5000,8479
26/03/2015,5000,10083
27/03/2015,4000,9975
28/03/2015,5000,10817
29/03/2015,0,8466
30/03/2015,5000,9862
31/03/2015,5000,10880
01/04/2015,5000,12169
02/04/2015,4000,10815
03/04/2015,0,7227
04/04/2015,5000,8613
05/04/2015,0,5835
06/04/2015,5000,7615
07/04/2015,0,3765
08/04/2015,10000,10083
09/04/2015,0,6427
10/04/2015,5000,7582
11/04/2015,8000,11659
12/04/2015,0,8769
13/04/2015,5000,10287
14/04/2015,5000,11973
15/04/2015,5000,13372
16/04/2015,0,9146
17/04/2015,4000,9034
18/04/2015,5000,9537
19/04/2015,0,6973
20/04/2015,10000,13096
21/04/2015,0,10711
22/04/2015,3000,9925
23/04/2015,5000,11134
24/04/2015,3000,10154
25/04/2015,5000,11233
26/04/2015,0,8052
27/04/2015,5000,9078
28/04/2015,5000,11134
29/04/2015,5000,12965
30/04/2015,5000,13370
01/05/2015,0,9687
02/05/2015,5000,11107
03/05/2015,0,8716
04/05/2015,5000,10351
05/05/2015,5000,11316
06/05/2015,3000,10879
07/05/2015,5000,11882
08/05/2015,3000,10698
09/05/2015,5000,11400
10/05/2015,0,8638
11/05/2015,5000,9696
12/05/2015,5000,10745
13/05/2015,5000,12182
14/05/2015,0,8409
15/05/2015,5000,8843
16/05/2015,5000,10219
17/05/2015,0,7344
18/05/2015,5000,8311
19/05/2015,5000,9443
20/05/2015,5000,10731
21/05/2015,5000,12470
22/05/2015,0,8455
23/05/2015,5000,9215
24/05/2015,0,6582
25/05/2015,5000,7518
26/05/2015,5000,9028
27/05/2015,5000,10556
28/05/2015,5000,12116
29/05/2015,0,8106
30/05/2015,5000,9385
31/05/2015,0,6951
01/06/2015,5000,7648
02/06/2015,5000,9447
03/06/2015,5000,10117
04/06/2015,0,6284
05/06/2015,5000,7375
06/06/2015,0,3478
07/06/2015,0,1081
08/06/2015,5000,3049
09/06/2015,10000,10062
10/06/2015,0,6339
11/06/2015,5000,8032
12/06/2015,5000,8906
13/06/2015,5000,10101
14/06/2015,0,7378
15/06/2015,5000,8651
16/06/2015,5000,10554
17/06/2015,3000,9937
18/06/2015,5000,11013
